{
    "name": "Power",
    "description": "Description",
    "hidden": true,
    "condition": {
        "type": "origins:sneaking"
    },
    "type": "origins:active_self",
    "entity_action": {
        "type": "origins:execute_command",
        "command": "summon minecraft:allay ~ ~ ~"
    },
    "cooldown": 2400,
    "hud_render": {
        "should_render": true,
        "sprite_location": "origins:textures/gui/community/spiderkolo/resource_bar_01.png",
        "bar_index": 9
    },
    "key": {
        "key": "key.origins.secondary_active"
    }
}