{
    "name": "Power",
    "description": "Description",
    "hidden": true,
    "condition": {
        "inverted": true,
        "type": "origins:sneaking"
    },
    "type": "origins:active_self",
    "entity_action": {
        "type": "origins:and",
        "actions": [
            {
                "type": "origins:execute_command",
                "command": "summon minecraft:bee ~ ~ ~"
            },
            {
                "type": "origins:execute_command",
                "command": "give @s minecraft:dandelion 5"
            }
        ]
    },
    "cooldown": 0,
    "hud_render": {
        "should_render": false
    },
    "key": {
        "key": "key.origins.secondary_active",
        "continuous": true
    }
}