{
    "name": "Power",
    "description": "Description",
    "hidden": true,
    "condition": {
        "type": "origins:sneaking"
    },
    "type": "origins:active_self",
    "entity_action": {
        "type": "origins:and",
        "actions": [
            {
                "type": "origins:execute_command",
                "command": "summon minecraft:cat ~ ~ ~"
            },
            {
                "type": "origins:execute_command",
                "command": "give @s minecraft:cod 10 "
            }
        ]
    },
    "cooldown": 60,
    "hud_render": {
        "should_render": true,
        "sprite_location": "origins:textures/gui/resource_bar.png",
        "bar_index": 4
    },
    "key": {
        "key": "key.origins.primary_active"
    }
}