{
    "name": "Power",
    "description": "Description",
    "hidden": true,
    "condition": {
        "inverted": true,
        "type": "origins:sneaking"
    },
    "type": "origins:active_self",
    "entity_action": {
        "type": "origins:and",
        "actions": [
            {
                "type": "origins:execute_command",
                "command": "summon minecraft:wolf ~ ~ ~"
            },
            {
                "type": "origins:execute_command",
                "command": "give @s minecraft:bone 10"
            }
        ]
    },
    "cooldown": 60,
    "hud_render": {
        "should_render": true,
        "sprite_location": "origins:textures/gui/community/huang/resource_bar_01.png",
        "bar_index": 15
    },
    "key": {
        "key": "key.origins.primary_active"
    }
}