{
    "name": "Power",
    "description": "Description",
    "type": "origins:multiple",
    "grenade-particle": {
        "type": "origins:fire_projectile",
        "entity_type": "arrow",
        "cooldown": 20,
        "hud_render": {
            "should_render": false
        },
        "count": 1,
        "interval": 0,
        "start_delay": 0,
        "speed": 1.5,
        "divergence": 1,
        "sound": "minecraft:block.amethyst_block.resonate",
        "tag": "{Tag:[\"grenade\"]}",
        "key": {
            "key": "key.origins.secondary_active",
            "continuous": true
        },
        "shooter_action": {
            "type": "origins:execute_command",
            "command": "tag @e[type=arrow, distance=..2, sort=nearest] add grenade"
        }
    },
    "explode-grenade": {
        "type": "origins:action_over_time",
        "interval": 20,
        "entity_action": {
            "type": "origins:delay",
            "action": {
                "type": "origins:and",
                "actions": [
                    {
                        "type": "origins:execute_command",
                        "command": "execute as @e[type=minecraft:arrow, limit=1, sort=nearest, tag=grenade, nbt={inGround:1b}] run execute at @s run summon minecraft:creeper ~ ~1 ~ {Fuse:0,ExplosionRadius:25}"
                    },
                    {
                        "type": "origins:delay",
                        "action": {
                            "type": "origins:execute_command",
                            "command": "kill @e[type=arrow,tag=grenade,distance=..100, limit=3,nbt={inGround:1b}]"
                        },
                        "ticks": 20
                    }
                ]
            },
            "ticks": 60
        }
    },
    "grenade-particles": {
        "type": "origins:action_over_time",
        "interval": 10,
        "entity_action": {
            "type": "origins:execute_command",
            "command": "execute as @e[type=minecraft:arrow, limit=1, sort=nearest, tag=grenade, nbt={inGround:1b}] run execute at @s run particle minecraft:soul_fire_flame ~ ~0.5 ~ 0.2 0.8 0.2 0.25 100000"
        }
    }
}