{
    "name": "Power",
    "description": "Description",
    "type": "origins:multiple",
    "grenade-particle": {
        "type": "origins:fire_projectile",
        "entity_type": "arrow",
        "cooldown": 1,
        "hud_render": {
            "should_render": false
        },
        "count": 2,
        "interval": 0,
        "start_delay": 0,
        "speed": 2,
        "divergence": 1,
        "tag": "{Tag:[\"grenade\"]}",
        "key": {
            "key": "key.saveToolbarActivator",
            "continuous": true
        },
        "shooter_action": {
            "type": "origins:execute_command",
            "command": "tag @e[type=arrow, distance=..2, sort=nearest] add machine-bullet"
        }
    },
    "explode-grenade": {
        "type": "origins:action_over_time",
        "interval": 20,
        "entity_action": {
            "type": "origins:execute_command",
            "command": "kill @e[type=arrow,tag=machine-bullet,distance=..100, limit=3,nbt={inGround:1b}]"
        }
    }
}