{
    "name": "power",
    "description": "Description",
    "type": "origins:multiple",
    "fire-pistol": {
        "type": "origins:fire_projectile",
        "entity_type": "arrow",
        "cooldown": 20,
        "hud_render": {
            "should_render": true
        },
        "count": 1,
        "interval": 0,
        "start_delay": 0,
        "speed": 5,
        "divergence": 1,
        "tag": "{Tags:[\"pistol-bullet\"]}",
        "key": {
            "key": "key.attack",
            "continuous": true
        }
    },
    "remove-pistol-bullet": {
        "type": "origins:action_over_time",
        "interval": 20,
        "entity_action": {
            "type": "origins:execute_command",
            "command": "kill @e[type=arrow, tag=bullet, nbt={inGround:1b}]"
        }
    }
}