{
    "name": "Power",
    "description": "Description",
    "type": "origins:multiple",
    "fire-shotgun": {
        "type": "origins:fire_projectile",
        "entity_type": "arrow",
        "cooldown": 50,
        "hud_render": {
            "should_render": true
        },
        "count": 10,
        "interval": 0,
        "start_delay": 0,
        "speed": 5,
        "divergence": 5,
        "tag": "{Tags:[\"shotgun-bullet\"]}",
        "key": {
            "key": "key.origins.primary_active\t"
        }
    },
    "remove-bullets": {
        "type": "origins:action_over_time",
        "interval": 10,
        "entity_action": {
            "type": "origins:execute_command",
            "command": "kill @e[type=arrow, tag=shotgun-bullet, nbt={inGround:1b}]"
        }
    }
}