{
    "name": "power",
    "description": "Description",
    "type": "origins:active_self",
    "entity_action": {
        "type": "origins:and",
        "actions": [
            {
                "type": "origins:execute_command",
                "command": "execute as @s run tp ^ ^ ^6"
            },
            {
                "type": "origins:play_sound",
                "sound": "entity.ender_dragon.death",
                "volume": 1,
                "pitch": 1
            }
        ]
    },
    "cooldown": 0,
    "hud_render": {
        "should_render": true,
        "sprite_location": "origins:textures/gui/resource_bar.png",
        "bar_index": 7
    },
    "key": {
        "key": "key.origins.secondary_active",
        "continuous": true
    }
}