{
    "name": "Power",
    "description": "Description",
    "type": "origins:multiple",
    "fire_projectile": {
        "type": "origins:fire_projectile",
        "entity_type": "minecraft:arrow",
        "cooldown": 60,
        "hud_render": {
            "should_render": true,
            "sprite_location": "origins:textures/gui/resource_bar.png",
            "bar_index": 1
        },
        "count": 1,
        "interval": 0,
        "start_delay": 5,
        "speed": 1,
        "divergence": 0.5,
        "tag": "{Tags:[\"sounder\"]}",
        "key": {
            "key": "key.origins.primary_active"
        },
        "shooter_action": {
            "type": "origins:if_else",
            "condition": {
                "type": "origins:sneaking"
            },
            "if_action": {
                "type": "origins:execute_command",
                "command": "tag @e[type=minecraft:arrow, distance=..3] add stone_sound"
            },
            "else_action": {
                "type": "origins:execute_command",
                "command": "tag @e[type=minecraft:arrow, distance=..3] add chest_sound"
            }
        }
    },
    "play_sound": {
        "type": "origins:action_over_time",
        "interval": 5,
        "entity_action": {
            "type": "origins:and",
            "actions": [
                {
                    "type": "origins:execute_command",
                    "command": "execute as @e[type=minecraft:arrow, limit=1, sort=nearest, tag=stone_sound, nbt={inGround:1b}] run playsound minecraft:block.stone.break block@a"
                },
                {
                    "type": "origins:execute_command",
                    "command": "execute as @e[type=minecraft:arrow, limit=1, sort=nearest, tag=chest_sound, nbt={inGround:1b}] run playsound minecraft:block.chest.open block @a"
                },
                {
                    "type": "origins:execute_command",
                    "command": "kill @e[type=arrow,tag=sounder,distance=..100, limit=3,nbt={inGround:1b}]"
                }
            ]
        }
    }
}