{
    "name": "Power",
    "description": "Description",
    "type": "origins:multiple",
    "fire-projectile": {
        "type": "origins:fire_projectile",
        "entity_type": "minecraft:arrow",
        "cooldown": 60,
        "hud_render": {
            "should_render": true,
            "sprite_location": "origins:textures/gui/resource_bar.png",
            "bar_index": 1
        },
        "count": 1,
        "interval": 0,
        "start_delay": 5,
        "speed": 2.5,
        "divergence": 0.5,
        "tag": "{Tags:[\"Ka-boom\"]}",
        "key": {
            "key": "key.origins.primary_active"
        }
    },
    "boom-arrow": {
        "type": "origins:action_over_time",
        "interval": 5,
        "entity_action": {
            "type": "origins:and",
            "actions": [
                {
                    "type": "origins:execute_command",
                    "command": "execute as @e[type=minecraft:arrow, limit=1, sort=nearest, tag=Ka-boom, nbt={inGround:1b}] run execute at @s run summon minecraft:creeper ~ ~ ~ {Fuse:0,ExplosionRadius:25}"
                },
                {
                    "type": "origins:delay",
                    "action": {
                        "type": "origins:execute_command",
                        "command": "kill @e[type=arrow,tag=Ka-boom,distance=..100, limit=3,nbt={inGround:1b}]"
                    },
                    "ticks": 20
                }
            ]
        }
    }
}